{
  "configVersion": 1,
  "timestamp": 1588096300142,
  "index": "/index.html",
  "assetGroups": [
    {
      "name": "Energia",
      "installMode": "prefetch",
      "updateMode": "prefetch",
      "urls": [
        "/2-es2015.a41f2752ab495f496744.js",
        "/2-es5.a41f2752ab495f496744.js",
        "/3-es2015.16bf19d5b67382ee913e.js",
        "/3-es5.16bf19d5b67382ee913e.js",
        "/4-es2015.be3159ddcaebbf81faaf.js",
        "/4-es5.be3159ddcaebbf81faaf.js",
        "/5-es2015.a901490dc11dbd020517.js",
        "/5-es5.a901490dc11dbd020517.js",
        "/6-es2015.2e26f2e7fd0fe12de563.js",
        "/6-es5.2e26f2e7fd0fe12de563.js",
        "/7-es2015.37384521d8f2c493225a.js",
        "/7-es5.37384521d8f2c493225a.js",
        "/92-es2015.5bc1068a8b157158770a.js",
        "/92-es5.5bc1068a8b157158770a.js",
        "/93-es2015.647942a740df2fd35dd3.js",
        "/93-es5.647942a740df2fd35dd3.js",
        "/94-es2015.01e2492648883b497de5.js",
        "/94-es5.01e2492648883b497de5.js",
        "/95-es2015.dabd6190816bf81142db.js",
        "/95-es5.dabd6190816bf81142db.js",
        "/common-es2015.20ba78bd1e70ad2df758.js",
        "/common-es5.20ba78bd1e70ad2df758.js",
        "/index.html",
        "/main-es2015.aa753853370b25839e7b.js",
        "/main-es5.aa753853370b25839e7b.js",
        "/manifest.webmanifest",
        "/polyfills-es2015.5ef73d186630ad7b65e1.js",
        "/polyfills-es5.72327c35eae656e4d2cf.js",
        "/runtime-es2015.e3d6a68b0e05b7700b02.js",
        "/runtime-es5.e3d6a68b0e05b7700b02.js",
        "/stencil-ion-action-sheet-ios-entry-js-es2015.7c283fa787e2da2e4742.js",
        "/stencil-ion-action-sheet-ios-entry-js-es5.7c283fa787e2da2e4742.js",
        "/stencil-ion-action-sheet-md-entry-js-es2015.2a6554ec2cd651984417.js",
        "/stencil-ion-action-sheet-md-entry-js-es5.2a6554ec2cd651984417.js",
        "/stencil-ion-alert-ios-entry-js-es2015.a5e77bf1091158853ea9.js",
        "/stencil-ion-alert-ios-entry-js-es5.a5e77bf1091158853ea9.js",
        "/stencil-ion-alert-md-entry-js-es2015.177ec568fb7a7b91492a.js",
        "/stencil-ion-alert-md-entry-js-es5.177ec568fb7a7b91492a.js",
        "/stencil-ion-app_8-ios-entry-js-es2015.e5692a942a3a31c1b4f6.js",
        "/stencil-ion-app_8-ios-entry-js-es5.e5692a942a3a31c1b4f6.js",
        "/stencil-ion-app_8-md-entry-js-es2015.756d429287fdf5bd8e88.js",
        "/stencil-ion-app_8-md-entry-js-es5.756d429287fdf5bd8e88.js",
        "/stencil-ion-avatar_3-ios-entry-js-es2015.c5dd97b4fa48c636427b.js",
        "/stencil-ion-avatar_3-ios-entry-js-es5.c5dd97b4fa48c636427b.js",
        "/stencil-ion-avatar_3-md-entry-js-es2015.47d8904d64ca049ec9dc.js",
        "/stencil-ion-avatar_3-md-entry-js-es5.47d8904d64ca049ec9dc.js",
        "/stencil-ion-back-button-ios-entry-js-es2015.da6483314d2695c4e706.js",
        "/stencil-ion-back-button-ios-entry-js-es5.da6483314d2695c4e706.js",
        "/stencil-ion-back-button-md-entry-js-es2015.f8a460ee778d54d55b18.js",
        "/stencil-ion-back-button-md-entry-js-es5.f8a460ee778d54d55b18.js",
        "/stencil-ion-backdrop-ios-entry-js-es2015.29740c5aa26578ff8a38.js",
        "/stencil-ion-backdrop-ios-entry-js-es5.29740c5aa26578ff8a38.js",
        "/stencil-ion-backdrop-md-entry-js-es2015.98ab978b6f6f3367d41c.js",
        "/stencil-ion-backdrop-md-entry-js-es5.98ab978b6f6f3367d41c.js",
        "/stencil-ion-button_2-ios-entry-js-es2015.7361b175e639071db347.js",
        "/stencil-ion-button_2-ios-entry-js-es5.7361b175e639071db347.js",
        "/stencil-ion-button_2-md-entry-js-es2015.d6db41b41f5949e477e4.js",
        "/stencil-ion-button_2-md-entry-js-es5.d6db41b41f5949e477e4.js",
        "/stencil-ion-card_5-ios-entry-js-es2015.9a0bc9c13beaf8fcee41.js",
        "/stencil-ion-card_5-ios-entry-js-es5.9a0bc9c13beaf8fcee41.js",
        "/stencil-ion-card_5-md-entry-js-es2015.a09ec7439d582ec38949.js",
        "/stencil-ion-card_5-md-entry-js-es5.a09ec7439d582ec38949.js",
        "/stencil-ion-checkbox-ios-entry-js-es2015.044999939a8e4c2a1e70.js",
        "/stencil-ion-checkbox-ios-entry-js-es5.044999939a8e4c2a1e70.js",
        "/stencil-ion-checkbox-md-entry-js-es2015.27b3900511b14dcc8997.js",
        "/stencil-ion-checkbox-md-entry-js-es5.27b3900511b14dcc8997.js",
        "/stencil-ion-chip-ios-entry-js-es2015.357368fd962eb42da7ba.js",
        "/stencil-ion-chip-ios-entry-js-es5.357368fd962eb42da7ba.js",
        "/stencil-ion-chip-md-entry-js-es2015.f0dd312bfccdcb863df7.js",
        "/stencil-ion-chip-md-entry-js-es5.f0dd312bfccdcb863df7.js",
        "/stencil-ion-col_3-entry-js-es2015.56cbfe3b06b7cc190923.js",
        "/stencil-ion-col_3-entry-js-es5.56cbfe3b06b7cc190923.js",
        "/stencil-ion-datetime_3-ios-entry-js-es2015.0a458d369fb380495670.js",
        "/stencil-ion-datetime_3-ios-entry-js-es5.0a458d369fb380495670.js",
        "/stencil-ion-datetime_3-md-entry-js-es2015.adf5ebb5527e5823f594.js",
        "/stencil-ion-datetime_3-md-entry-js-es5.adf5ebb5527e5823f594.js",
        "/stencil-ion-fab_3-ios-entry-js-es2015.85640ac87af0d5ecbb9c.js",
        "/stencil-ion-fab_3-ios-entry-js-es5.85640ac87af0d5ecbb9c.js",
        "/stencil-ion-fab_3-md-entry-js-es2015.b45387b9ee84d7486cc4.js",
        "/stencil-ion-fab_3-md-entry-js-es5.b45387b9ee84d7486cc4.js",
        "/stencil-ion-img-entry-js-es2015.3bb624c08e02492d4bfe.js",
        "/stencil-ion-img-entry-js-es5.3bb624c08e02492d4bfe.js",
        "/stencil-ion-infinite-scroll_2-ios-entry-js-es2015.0b14b91687d35b545020.js",
        "/stencil-ion-infinite-scroll_2-ios-entry-js-es5.0b14b91687d35b545020.js",
        "/stencil-ion-infinite-scroll_2-md-entry-js-es2015.ecb47c79b676175916d5.js",
        "/stencil-ion-infinite-scroll_2-md-entry-js-es5.ecb47c79b676175916d5.js",
        "/stencil-ion-input-ios-entry-js-es2015.583eae0ba66cb5be0ebd.js",
        "/stencil-ion-input-ios-entry-js-es5.583eae0ba66cb5be0ebd.js",
        "/stencil-ion-input-md-entry-js-es2015.d86fac5a053c7da889b1.js",
        "/stencil-ion-input-md-entry-js-es5.d86fac5a053c7da889b1.js",
        "/stencil-ion-item-option_3-ios-entry-js-es2015.0b3e4dd5f39ea506d176.js",
        "/stencil-ion-item-option_3-ios-entry-js-es5.0b3e4dd5f39ea506d176.js",
        "/stencil-ion-item-option_3-md-entry-js-es2015.2ddeee681c0708950147.js",
        "/stencil-ion-item-option_3-md-entry-js-es5.2ddeee681c0708950147.js",
        "/stencil-ion-item_8-ios-entry-js-es2015.2e5386aed07953484641.js",
        "/stencil-ion-item_8-ios-entry-js-es5.2e5386aed07953484641.js",
        "/stencil-ion-item_8-md-entry-js-es2015.19defe35359f7986faec.js",
        "/stencil-ion-item_8-md-entry-js-es5.19defe35359f7986faec.js",
        "/stencil-ion-loading-ios-entry-js-es2015.c5cbc7fecbb1b4cadcdd.js",
        "/stencil-ion-loading-ios-entry-js-es5.c5cbc7fecbb1b4cadcdd.js",
        "/stencil-ion-loading-md-entry-js-es2015.2467d733fa86ad0cb31b.js",
        "/stencil-ion-loading-md-entry-js-es5.2467d733fa86ad0cb31b.js",
        "/stencil-ion-menu_3-ios-entry-js-es2015.1e7dacfd23778f9afb9b.js",
        "/stencil-ion-menu_3-ios-entry-js-es5.1e7dacfd23778f9afb9b.js",
        "/stencil-ion-menu_3-md-entry-js-es2015.aa00a8a56fd034fe2354.js",
        "/stencil-ion-menu_3-md-entry-js-es5.aa00a8a56fd034fe2354.js",
        "/stencil-ion-modal-ios-entry-js-es2015.db779bad9d60049ce73c.js",
        "/stencil-ion-modal-ios-entry-js-es5.db779bad9d60049ce73c.js",
        "/stencil-ion-modal-md-entry-js-es2015.ed5d8fccfc1d7bcb7072.js",
        "/stencil-ion-modal-md-entry-js-es5.ed5d8fccfc1d7bcb7072.js",
        "/stencil-ion-nav_2-entry-js-es2015.d7a0f7f2b05cc1ad6d0a.js",
        "/stencil-ion-nav_2-entry-js-es5.d7a0f7f2b05cc1ad6d0a.js",
        "/stencil-ion-popover-ios-entry-js-es2015.e2ce32f1f97dc99ab66a.js",
        "/stencil-ion-popover-ios-entry-js-es5.e2ce32f1f97dc99ab66a.js",
        "/stencil-ion-popover-md-entry-js-es2015.2f8a13dbb1a5323a326d.js",
        "/stencil-ion-popover-md-entry-js-es5.2f8a13dbb1a5323a326d.js",
        "/stencil-ion-progress-bar-ios-entry-js-es2015.cdcabbf2a940034c89b3.js",
        "/stencil-ion-progress-bar-ios-entry-js-es5.cdcabbf2a940034c89b3.js",
        "/stencil-ion-progress-bar-md-entry-js-es2015.05fb01442f3b7f5c649f.js",
        "/stencil-ion-progress-bar-md-entry-js-es5.05fb01442f3b7f5c649f.js",
        "/stencil-ion-radio_2-ios-entry-js-es2015.70473c3f4029c738c61a.js",
        "/stencil-ion-radio_2-ios-entry-js-es5.70473c3f4029c738c61a.js",
        "/stencil-ion-radio_2-md-entry-js-es2015.719b32599d5d26487e72.js",
        "/stencil-ion-radio_2-md-entry-js-es5.719b32599d5d26487e72.js",
        "/stencil-ion-range-ios-entry-js-es2015.989ecbf1d43ac263a0ca.js",
        "/stencil-ion-range-ios-entry-js-es5.989ecbf1d43ac263a0ca.js",
        "/stencil-ion-range-md-entry-js-es2015.a6ca10524bf813ab0740.js",
        "/stencil-ion-range-md-entry-js-es5.a6ca10524bf813ab0740.js",
        "/stencil-ion-refresher_2-ios-entry-js-es2015.966dc198e0dc4b98da05.js",
        "/stencil-ion-refresher_2-ios-entry-js-es5.966dc198e0dc4b98da05.js",
        "/stencil-ion-refresher_2-md-entry-js-es2015.64748b0b863b611bb474.js",
        "/stencil-ion-refresher_2-md-entry-js-es5.64748b0b863b611bb474.js",
        "/stencil-ion-reorder_2-ios-entry-js-es2015.e154787efdc9bc33e3ed.js",
        "/stencil-ion-reorder_2-ios-entry-js-es5.e154787efdc9bc33e3ed.js",
        "/stencil-ion-reorder_2-md-entry-js-es2015.f3fc375088d4ce396a34.js",
        "/stencil-ion-reorder_2-md-entry-js-es5.f3fc375088d4ce396a34.js",
        "/stencil-ion-ripple-effect-entry-js-es2015.f69b1752a4681631db8f.js",
        "/stencil-ion-ripple-effect-entry-js-es5.f69b1752a4681631db8f.js",
        "/stencil-ion-route_4-entry-js-es2015.0682e401f7de6e93e3b5.js",
        "/stencil-ion-route_4-entry-js-es5.0682e401f7de6e93e3b5.js",
        "/stencil-ion-searchbar-ios-entry-js-es2015.cbe26279d951faccd000.js",
        "/stencil-ion-searchbar-ios-entry-js-es5.cbe26279d951faccd000.js",
        "/stencil-ion-searchbar-md-entry-js-es2015.d197887894747041adfb.js",
        "/stencil-ion-searchbar-md-entry-js-es5.d197887894747041adfb.js",
        "/stencil-ion-segment_2-ios-entry-js-es2015.6a97e1d5dd41aa447437.js",
        "/stencil-ion-segment_2-ios-entry-js-es5.6a97e1d5dd41aa447437.js",
        "/stencil-ion-segment_2-md-entry-js-es2015.a33988ca8f7a5a8aac6f.js",
        "/stencil-ion-segment_2-md-entry-js-es5.a33988ca8f7a5a8aac6f.js",
        "/stencil-ion-select_3-ios-entry-js-es2015.ee274890713f5e72db30.js",
        "/stencil-ion-select_3-ios-entry-js-es5.ee274890713f5e72db30.js",
        "/stencil-ion-select_3-md-entry-js-es2015.fe6328bc2f58d7021184.js",
        "/stencil-ion-select_3-md-entry-js-es5.fe6328bc2f58d7021184.js",
        "/stencil-ion-slide_2-ios-entry-js-es2015.2e3a7e8d057106139036.js",
        "/stencil-ion-slide_2-ios-entry-js-es5.2e3a7e8d057106139036.js",
        "/stencil-ion-slide_2-md-entry-js-es2015.90357f72bbb9e73f4ef5.js",
        "/stencil-ion-slide_2-md-entry-js-es5.90357f72bbb9e73f4ef5.js",
        "/stencil-ion-spinner-entry-js-es2015.5c6b1a5cc770236ed896.js",
        "/stencil-ion-spinner-entry-js-es5.5c6b1a5cc770236ed896.js",
        "/stencil-ion-split-pane-ios-entry-js-es2015.d1026fe90a3adb8c870e.js",
        "/stencil-ion-split-pane-ios-entry-js-es5.d1026fe90a3adb8c870e.js",
        "/stencil-ion-split-pane-md-entry-js-es2015.2a84010c4fc80dd8cb8f.js",
        "/stencil-ion-split-pane-md-entry-js-es5.2a84010c4fc80dd8cb8f.js",
        "/stencil-ion-tab-bar_2-ios-entry-js-es2015.772c9e22aef39856a6e1.js",
        "/stencil-ion-tab-bar_2-ios-entry-js-es5.772c9e22aef39856a6e1.js",
        "/stencil-ion-tab-bar_2-md-entry-js-es2015.44338fd552009511e12e.js",
        "/stencil-ion-tab-bar_2-md-entry-js-es5.44338fd552009511e12e.js",
        "/stencil-ion-tab_2-entry-js-es2015.c8f318bc7d594c7c891a.js",
        "/stencil-ion-tab_2-entry-js-es5.c8f318bc7d594c7c891a.js",
        "/stencil-ion-text-entry-js-es2015.82ba62f9e529d1ae0b6b.js",
        "/stencil-ion-text-entry-js-es5.82ba62f9e529d1ae0b6b.js",
        "/stencil-ion-textarea-ios-entry-js-es2015.7539052e31c35f6151bb.js",
        "/stencil-ion-textarea-ios-entry-js-es5.7539052e31c35f6151bb.js",
        "/stencil-ion-textarea-md-entry-js-es2015.1e402eeee5e8dfbbf14e.js",
        "/stencil-ion-textarea-md-entry-js-es5.1e402eeee5e8dfbbf14e.js",
        "/stencil-ion-toast-ios-entry-js-es2015.49d3f880ddf0dc42a1a6.js",
        "/stencil-ion-toast-ios-entry-js-es5.49d3f880ddf0dc42a1a6.js",
        "/stencil-ion-toast-md-entry-js-es2015.ceec192d2dce8dd1e70a.js",
        "/stencil-ion-toast-md-entry-js-es5.ceec192d2dce8dd1e70a.js",
        "/stencil-ion-toggle-ios-entry-js-es2015.e45e3b8860eb84da62ec.js",
        "/stencil-ion-toggle-ios-entry-js-es5.e45e3b8860eb84da62ec.js",
        "/stencil-ion-toggle-md-entry-js-es2015.a4f9b3eda6deb16308ce.js",
        "/stencil-ion-toggle-md-entry-js-es5.a4f9b3eda6deb16308ce.js",
        "/stencil-ion-virtual-scroll-entry-js-es2015.90713403ba960ed72e43.js",
        "/stencil-ion-virtual-scroll-entry-js-es5.90713403ba960ed72e43.js",
        "/stencil-polyfills-core-js-es2015.f3be14c63ac2a6d88791.js",
        "/stencil-polyfills-core-js-es5.f3be14c63ac2a6d88791.js",
        "/stencil-polyfills-css-shim-es2015.9aac0ea786b55572a489.js",
        "/stencil-polyfills-css-shim-es5.9aac0ea786b55572a489.js",
        "/stencil-polyfills-dom-es2015.2184e7b352f5ce463d17.js",
        "/stencil-polyfills-dom-es5.2184e7b352f5ce463d17.js",
        "/styles.d4e77676af2e5d4954ea.css"
      ],
      "patterns": []
    },
    {
      "name": "assets",
      "installMode": "lazy",
      "updateMode": "prefetch",
      "urls": [
        "/assets/icon/favicon.png",
        "/assets/icons/icon-128x128.png",
        "/assets/icons/icon-144x144.png",
        "/assets/icons/icon-152x152.png",
        "/assets/icons/icon-192x192.png",
        "/assets/icons/icon-384x384.png",
        "/assets/icons/icon-512x512.png",
        "/assets/icons/icon-72x72.png",
        "/assets/icons/icon-96x96.png",
        "/assets/movs-abril-exoneracion.csv",
        "/assets/shapes.svg"
      ],
      "patterns": []
    }
  ],
  "dataGroups": [],
  "hashTable": {
    "/2-es2015.a41f2752ab495f496744.js": "0bab15cb0a18df4ac0aa1f0425c7a583d9fbd636",
    "/2-es5.a41f2752ab495f496744.js": "eea45310c1ace02e1beeeb3a07eeef9e48af92e1",
    "/3-es2015.16bf19d5b67382ee913e.js": "708a599574c6d96f09e62b58446342653ff3e2e8",
    "/3-es5.16bf19d5b67382ee913e.js": "1d1902adc8fe92bf3a7e33cc587a00a47d121a7e",
    "/4-es2015.be3159ddcaebbf81faaf.js": "9fa1f218691cac6456ea75f5d07736850bc45906",
    "/4-es5.be3159ddcaebbf81faaf.js": "fbcaa0286e1010d0b05816e36a0b7bc476f2add2",
    "/5-es2015.a901490dc11dbd020517.js": "6fdbd92cbbf455d34ae3cbe0baa0eacb56670e49",
    "/5-es5.a901490dc11dbd020517.js": "2f9ad3da7c8d494736a4c1244dd9372245f3962c",
    "/6-es2015.2e26f2e7fd0fe12de563.js": "f09825f5f918be5e4dd739269f232b08d2979228",
    "/6-es5.2e26f2e7fd0fe12de563.js": "d6f2441e5e246f0f31a211bd9f5e4baf7b0b78b6",
    "/7-es2015.37384521d8f2c493225a.js": "0d9ea1344aa2468fccfcdbf1da47fc369a0e7b31",
    "/7-es5.37384521d8f2c493225a.js": "04c24a2516a883e0b2f1b7f842331b3ace502dda",
    "/92-es2015.5bc1068a8b157158770a.js": "456ee67b6ab770ce6e62dea790fd8fa4edad8e8b",
    "/92-es5.5bc1068a8b157158770a.js": "ab948c934abfd4672a63f04dd25b045b0c1c66ce",
    "/93-es2015.647942a740df2fd35dd3.js": "a7e185fa99aae467052058017db1230f045639ca",
    "/93-es5.647942a740df2fd35dd3.js": "600049881702f790ccd8b2fe1cdd2bd62520bc14",
    "/94-es2015.01e2492648883b497de5.js": "0557eeae64147e20f0850f896ec2b1a8f6c5e505",
    "/94-es5.01e2492648883b497de5.js": "f71ece6249c3959660f1003afeb1c9024063e912",
    "/95-es2015.dabd6190816bf81142db.js": "15e1855fbcd9e883912a61a9e5b1545d788b2859",
    "/95-es5.dabd6190816bf81142db.js": "0ab0fe8a3df264d71ef954176420fe2b51654d69",
    "/assets/icon/favicon.png": "2035496eec2e9bfba5d0b173eacfb048848f1a0c",
    "/assets/icons/icon-128x128.png": "ad42e1080e25d9693603b0f49e0c08d96a92929a",
    "/assets/icons/icon-144x144.png": "d5ad9209b5967321f2616113cfc00b903a9245a3",
    "/assets/icons/icon-152x152.png": "27e3d4836594b579e89422fa8e3add2cf1b2e89b",
    "/assets/icons/icon-192x192.png": "6873c3232e09ea7491ceb2f458a70e3fb8430e29",
    "/assets/icons/icon-384x384.png": "b60f894857f6197903459fc98f862459afb15af8",
    "/assets/icons/icon-512x512.png": "ed0f75b5ed31e75fc3ebe5e3db454ab1ae7006a8",
    "/assets/icons/icon-72x72.png": "2035496eec2e9bfba5d0b173eacfb048848f1a0c",
    "/assets/icons/icon-96x96.png": "5269ef5bf1a883f1cbeb8feaea877ce59a4efc98",
    "/assets/movs-abril-exoneracion.csv": "169c957a2628ce063e5df20c67e4f963609f03f9",
    "/assets/shapes.svg": "5413e95adabcb2cb639970051f55e0ddb64ace53",
    "/common-es2015.20ba78bd1e70ad2df758.js": "c3ddb01e953346de371ef307d46ac97148b68a27",
    "/common-es5.20ba78bd1e70ad2df758.js": "b36f50efb690790860155b9ab9277cb10a55a6b3",
    "/index.html": "bef101a3fab51032f9962c10f74b9bc9313c34bb",
    "/main-es2015.aa753853370b25839e7b.js": "9b9404fc4090ac0664a2f770340e87d4f501dbdc",
    "/main-es5.aa753853370b25839e7b.js": "ad7beb84b306c00a87d744f13b5d4a61216c0989",
    "/manifest.webmanifest": "cbc7cfb7fabd40069b11e6de976722daec92cc88",
    "/polyfills-es2015.5ef73d186630ad7b65e1.js": "d803392513bcd21df6e9d10c25feaf3c42d1e1d1",
    "/polyfills-es5.72327c35eae656e4d2cf.js": "209ba83c1b878e31a1a1aa7fdd570dfefbc87b48",
    "/runtime-es2015.e3d6a68b0e05b7700b02.js": "0d1e810ee91cfd8816b0880948e241d6cebdd495",
    "/runtime-es5.e3d6a68b0e05b7700b02.js": "d81cf16414e125231cee0ffe0b1c67e70c73417d",
    "/stencil-ion-action-sheet-ios-entry-js-es2015.7c283fa787e2da2e4742.js": "ffa6f405770d6268f17e6463d65c117f868dfc35",
    "/stencil-ion-action-sheet-ios-entry-js-es5.7c283fa787e2da2e4742.js": "bf33ba31cf1a884a1a13ead07470c1d83b84ba9e",
    "/stencil-ion-action-sheet-md-entry-js-es2015.2a6554ec2cd651984417.js": "90de12d0e410a3c47166b6d7141df424684212d4",
    "/stencil-ion-action-sheet-md-entry-js-es5.2a6554ec2cd651984417.js": "b480e24be246ce97272e03d4f832e8bf4b62e0ad",
    "/stencil-ion-alert-ios-entry-js-es2015.a5e77bf1091158853ea9.js": "77ae5bcb30f3df58bc065937dfa73dab8c0ae230",
    "/stencil-ion-alert-ios-entry-js-es5.a5e77bf1091158853ea9.js": "fb1ddb20e773eedcf1af42f1ca6246f745c4c7ba",
    "/stencil-ion-alert-md-entry-js-es2015.177ec568fb7a7b91492a.js": "4c38a37265b320a882f5b62e69c446784f238c03",
    "/stencil-ion-alert-md-entry-js-es5.177ec568fb7a7b91492a.js": "405353a3ccb17b395a024b2dad9b4f5e3cc11ef9",
    "/stencil-ion-app_8-ios-entry-js-es2015.e5692a942a3a31c1b4f6.js": "ef7bc14f5fb1063cae6d902950a5d89b46b16b35",
    "/stencil-ion-app_8-ios-entry-js-es5.e5692a942a3a31c1b4f6.js": "1e57953a493f74eb9678669a10abc97273382adc",
    "/stencil-ion-app_8-md-entry-js-es2015.756d429287fdf5bd8e88.js": "d45d0def06d2d82e1badf1a0e308d47cde1d071d",
    "/stencil-ion-app_8-md-entry-js-es5.756d429287fdf5bd8e88.js": "48e43251a78321251adfc374a916b4aa959796b9",
    "/stencil-ion-avatar_3-ios-entry-js-es2015.c5dd97b4fa48c636427b.js": "4ddd1d1eccc8bb36867d4ed06644700269e3deff",
    "/stencil-ion-avatar_3-ios-entry-js-es5.c5dd97b4fa48c636427b.js": "0011fe97298c5c39ea72742920c0ae77dc8e10ef",
    "/stencil-ion-avatar_3-md-entry-js-es2015.47d8904d64ca049ec9dc.js": "b9dd51e2f57b1963bf5cd818be9d2a0dc964f8f5",
    "/stencil-ion-avatar_3-md-entry-js-es5.47d8904d64ca049ec9dc.js": "cd0f74f654bc6ada8ed7f3188aade833ab925bad",
    "/stencil-ion-back-button-ios-entry-js-es2015.da6483314d2695c4e706.js": "35c924030bc8fa0b5a96581e6c07ea07d7bc5224",
    "/stencil-ion-back-button-ios-entry-js-es5.da6483314d2695c4e706.js": "40ceb6c6e27a505e38d28b1a4548b8e6b3b9bc12",
    "/stencil-ion-back-button-md-entry-js-es2015.f8a460ee778d54d55b18.js": "2babcb48db07ef1e32aa1572403019b1433c9859",
    "/stencil-ion-back-button-md-entry-js-es5.f8a460ee778d54d55b18.js": "aff0694a19cdbc16a4cbce925289131509bc0183",
    "/stencil-ion-backdrop-ios-entry-js-es2015.29740c5aa26578ff8a38.js": "5c21b75c2119f2f8dde707c91ca96bcdfb53c1d5",
    "/stencil-ion-backdrop-ios-entry-js-es5.29740c5aa26578ff8a38.js": "67f0d3af699a356be9d2083934705113276d1371",
    "/stencil-ion-backdrop-md-entry-js-es2015.98ab978b6f6f3367d41c.js": "4530e9064f83985173007025a5bae61bd5e0ea2f",
    "/stencil-ion-backdrop-md-entry-js-es5.98ab978b6f6f3367d41c.js": "1bfc34d15a4411b22008e91c93dac95470113c84",
    "/stencil-ion-button_2-ios-entry-js-es2015.7361b175e639071db347.js": "557c8cce34c373f74d235eb73b2eab9ff1be6f5d",
    "/stencil-ion-button_2-ios-entry-js-es5.7361b175e639071db347.js": "77a2d1a00c9b4480efba42ab1fb29f6cf28ac39e",
    "/stencil-ion-button_2-md-entry-js-es2015.d6db41b41f5949e477e4.js": "060bca619593b7123a09c2d895f382d4e2a472a4",
    "/stencil-ion-button_2-md-entry-js-es5.d6db41b41f5949e477e4.js": "5deae3fea7f50da213fd14462deddf941525ec21",
    "/stencil-ion-card_5-ios-entry-js-es2015.9a0bc9c13beaf8fcee41.js": "7ba3bd35fa6a812403eb43483447253c6cb2a8d9",
    "/stencil-ion-card_5-ios-entry-js-es5.9a0bc9c13beaf8fcee41.js": "3a555e01785cbd967f582fb22929da8b30dfdae9",
    "/stencil-ion-card_5-md-entry-js-es2015.a09ec7439d582ec38949.js": "a6fc37943e3680af981d6bd487186a38e8d46b8e",
    "/stencil-ion-card_5-md-entry-js-es5.a09ec7439d582ec38949.js": "7372b8e7248aba8181bd4396156b08ec8ca4dd86",
    "/stencil-ion-checkbox-ios-entry-js-es2015.044999939a8e4c2a1e70.js": "a07cadb9af644ade156389622e6bfc73971d4119",
    "/stencil-ion-checkbox-ios-entry-js-es5.044999939a8e4c2a1e70.js": "1c08eb5ce98a920864c412be588d5176a134424b",
    "/stencil-ion-checkbox-md-entry-js-es2015.27b3900511b14dcc8997.js": "161d1c1de954c359186257603f04c1e2966a14c9",
    "/stencil-ion-checkbox-md-entry-js-es5.27b3900511b14dcc8997.js": "19e5e74966cf70ef6ef34678e31de995b489e2ab",
    "/stencil-ion-chip-ios-entry-js-es2015.357368fd962eb42da7ba.js": "f90b5cd6519fa3daff31406855b8f9794604cd50",
    "/stencil-ion-chip-ios-entry-js-es5.357368fd962eb42da7ba.js": "12097e5a8ab6f9b228b1fd5145e9a61000c110db",
    "/stencil-ion-chip-md-entry-js-es2015.f0dd312bfccdcb863df7.js": "4cd8eebb504fa70771d6eb70e24222782c40de77",
    "/stencil-ion-chip-md-entry-js-es5.f0dd312bfccdcb863df7.js": "2762eab6cdaca551619d0f088a1d44d6c744df3f",
    "/stencil-ion-col_3-entry-js-es2015.56cbfe3b06b7cc190923.js": "62b1e29377f2681b0f218f3804f1c04ccadde10c",
    "/stencil-ion-col_3-entry-js-es5.56cbfe3b06b7cc190923.js": "3282818e7324625c30a609c909fe866be1844c7c",
    "/stencil-ion-datetime_3-ios-entry-js-es2015.0a458d369fb380495670.js": "95e8e2fef869fd8a73eee802df955f404f41e648",
    "/stencil-ion-datetime_3-ios-entry-js-es5.0a458d369fb380495670.js": "1945a55cba2565a5594048e9077b03fb6d4e68ff",
    "/stencil-ion-datetime_3-md-entry-js-es2015.adf5ebb5527e5823f594.js": "d82be5dbba83b79f9832fe1ffa5bbdf256fc2f32",
    "/stencil-ion-datetime_3-md-entry-js-es5.adf5ebb5527e5823f594.js": "9a63c50d0ab929550dad1d570b95025a5c15c843",
    "/stencil-ion-fab_3-ios-entry-js-es2015.85640ac87af0d5ecbb9c.js": "9844d0594d80d25a11cd39a1bf64303e433fad7b",
    "/stencil-ion-fab_3-ios-entry-js-es5.85640ac87af0d5ecbb9c.js": "4e2561f6330c9b0dafd19d755c478614dbe37c92",
    "/stencil-ion-fab_3-md-entry-js-es2015.b45387b9ee84d7486cc4.js": "33ed137a53c7a877b4f87c9854712b26666f00f7",
    "/stencil-ion-fab_3-md-entry-js-es5.b45387b9ee84d7486cc4.js": "a9e47ff9e2b54f3a04024575b31a9a872402b30a",
    "/stencil-ion-img-entry-js-es2015.3bb624c08e02492d4bfe.js": "5de7b2ffadbde76b690023af9b4dc2acc907afd1",
    "/stencil-ion-img-entry-js-es5.3bb624c08e02492d4bfe.js": "9cf8507d7bc5a2b231de374736be4dcdb5a0e00f",
    "/stencil-ion-infinite-scroll_2-ios-entry-js-es2015.0b14b91687d35b545020.js": "04307cc764a20a12ddfb95e32216f79542f2d91c",
    "/stencil-ion-infinite-scroll_2-ios-entry-js-es5.0b14b91687d35b545020.js": "1d1685bedcd6ce3936bd58067d818d60d3cd2733",
    "/stencil-ion-infinite-scroll_2-md-entry-js-es2015.ecb47c79b676175916d5.js": "7cc3da4d7416d2da2da0569c5a382d348b1d0342",
    "/stencil-ion-infinite-scroll_2-md-entry-js-es5.ecb47c79b676175916d5.js": "cf13b2bbf259f0f566b2201b28876429b9eeb9ab",
    "/stencil-ion-input-ios-entry-js-es2015.583eae0ba66cb5be0ebd.js": "9800f981c0859877429ed8c9bb08f3688d511149",
    "/stencil-ion-input-ios-entry-js-es5.583eae0ba66cb5be0ebd.js": "232e40bc5052940ec3329806dcd0d19df12a3435",
    "/stencil-ion-input-md-entry-js-es2015.d86fac5a053c7da889b1.js": "8559f7f912fea3824ec1f1b40f9ebd0762bf867b",
    "/stencil-ion-input-md-entry-js-es5.d86fac5a053c7da889b1.js": "595cb5ced337e6cb09924a596a75fb66e05c1a69",
    "/stencil-ion-item-option_3-ios-entry-js-es2015.0b3e4dd5f39ea506d176.js": "43a3099179aabbd08f7e96294ec479a5a3e886b8",
    "/stencil-ion-item-option_3-ios-entry-js-es5.0b3e4dd5f39ea506d176.js": "60b4a92dc6b600a1eefb7568b1503a956fe5a9ca",
    "/stencil-ion-item-option_3-md-entry-js-es2015.2ddeee681c0708950147.js": "cb08e0d0485a2c385ea6edf938b7f74738d2a764",
    "/stencil-ion-item-option_3-md-entry-js-es5.2ddeee681c0708950147.js": "e1e3ce2a0e9b8747e6f6a18b1ff79e9d7fdc00b7",
    "/stencil-ion-item_8-ios-entry-js-es2015.2e5386aed07953484641.js": "d8271c14f492577e721746518b6ff5c02c25f126",
    "/stencil-ion-item_8-ios-entry-js-es5.2e5386aed07953484641.js": "2d696a0538b90d487e92857a7ca73afc1cd2f514",
    "/stencil-ion-item_8-md-entry-js-es2015.19defe35359f7986faec.js": "dc71ac4098cfaeaf386fcd985cdcdda5ad40b06a",
    "/stencil-ion-item_8-md-entry-js-es5.19defe35359f7986faec.js": "c764f20f8e2f261664d8b35308f71d3522d4f43f",
    "/stencil-ion-loading-ios-entry-js-es2015.c5cbc7fecbb1b4cadcdd.js": "7e1da0993d8ba467506bf5b18dba5820ddfa1368",
    "/stencil-ion-loading-ios-entry-js-es5.c5cbc7fecbb1b4cadcdd.js": "88d236f57cfe51e11f7b297a93f45ed584f23eec",
    "/stencil-ion-loading-md-entry-js-es2015.2467d733fa86ad0cb31b.js": "dc9e754f604b9b68f2a8a15f790d4f0c6e6e2f38",
    "/stencil-ion-loading-md-entry-js-es5.2467d733fa86ad0cb31b.js": "e211cf8cf5a5aa63e5c3a9cc58f6cb64e672ead8",
    "/stencil-ion-menu_3-ios-entry-js-es2015.1e7dacfd23778f9afb9b.js": "2f16c282003a4457bb53c8b559bf4f372a5491e2",
    "/stencil-ion-menu_3-ios-entry-js-es5.1e7dacfd23778f9afb9b.js": "6e482c98eae2ce0fe663240d2c6f0214592990a2",
    "/stencil-ion-menu_3-md-entry-js-es2015.aa00a8a56fd034fe2354.js": "b5e30b3892a7f42e10828847c4aeea84dba95658",
    "/stencil-ion-menu_3-md-entry-js-es5.aa00a8a56fd034fe2354.js": "ac495c4697a9e2c8c7efc5056837f8121d46f131",
    "/stencil-ion-modal-ios-entry-js-es2015.db779bad9d60049ce73c.js": "9ed46d959477c6f28cc75e83876a3fe0a3ed8b8a",
    "/stencil-ion-modal-ios-entry-js-es5.db779bad9d60049ce73c.js": "d440affbfc81d15378b631611352b93e7d7f7c4a",
    "/stencil-ion-modal-md-entry-js-es2015.ed5d8fccfc1d7bcb7072.js": "186b50548df47355276a6e846234408f08e63787",
    "/stencil-ion-modal-md-entry-js-es5.ed5d8fccfc1d7bcb7072.js": "9be2848116aa2cfcdbb52844315b329f6670377b",
    "/stencil-ion-nav_2-entry-js-es2015.d7a0f7f2b05cc1ad6d0a.js": "5c95a5e115338740d55ff3753f70cf9325cd10c0",
    "/stencil-ion-nav_2-entry-js-es5.d7a0f7f2b05cc1ad6d0a.js": "4579733e4ee7cbb6fdd3da5b9f373a109a55abf8",
    "/stencil-ion-popover-ios-entry-js-es2015.e2ce32f1f97dc99ab66a.js": "f1614ca5abf865b671e1b02da8005bec0c72f423",
    "/stencil-ion-popover-ios-entry-js-es5.e2ce32f1f97dc99ab66a.js": "9ceb4ed5a3d055cff18389c1ad16b43a338c1363",
    "/stencil-ion-popover-md-entry-js-es2015.2f8a13dbb1a5323a326d.js": "2fb78079af9448c6c7615d31f10128ec3decbebe",
    "/stencil-ion-popover-md-entry-js-es5.2f8a13dbb1a5323a326d.js": "600527e4eafed6d49ea4df0738208176a079fb1e",
    "/stencil-ion-progress-bar-ios-entry-js-es2015.cdcabbf2a940034c89b3.js": "3065a8bf55b6fe77bffb8a7e5c5fd322ef9da545",
    "/stencil-ion-progress-bar-ios-entry-js-es5.cdcabbf2a940034c89b3.js": "7fa64784dc06b78db444ce9ccc2baa23afcb5575",
    "/stencil-ion-progress-bar-md-entry-js-es2015.05fb01442f3b7f5c649f.js": "5ce655fc6781caaf06c061e296094342a02b2dd3",
    "/stencil-ion-progress-bar-md-entry-js-es5.05fb01442f3b7f5c649f.js": "b8b50fe66c82107d55c4bbdd15eae9acdc399abe",
    "/stencil-ion-radio_2-ios-entry-js-es2015.70473c3f4029c738c61a.js": "d36fb06e75ae9e7bc9c963f55f232fbc1aff11b2",
    "/stencil-ion-radio_2-ios-entry-js-es5.70473c3f4029c738c61a.js": "46d01240563a8707e68f0a67f11eedd25d3c1bc6",
    "/stencil-ion-radio_2-md-entry-js-es2015.719b32599d5d26487e72.js": "4dcf5e41cdf06fd19c88a478072ece3b02b36af5",
    "/stencil-ion-radio_2-md-entry-js-es5.719b32599d5d26487e72.js": "d24d703b932e040db9dd3285b8f26991f4df4fab",
    "/stencil-ion-range-ios-entry-js-es2015.989ecbf1d43ac263a0ca.js": "8feb74dc9684e96ded84ad35ee79dc288e7ef254",
    "/stencil-ion-range-ios-entry-js-es5.989ecbf1d43ac263a0ca.js": "741080f0834c8aa2d3226faac22a3c2f43ffc31c",
    "/stencil-ion-range-md-entry-js-es2015.a6ca10524bf813ab0740.js": "74602b1fdd943c988879eb6064045d6d43b6f99c",
    "/stencil-ion-range-md-entry-js-es5.a6ca10524bf813ab0740.js": "a495cd37fc72f6aca4b8f10a1cc17628b2462977",
    "/stencil-ion-refresher_2-ios-entry-js-es2015.966dc198e0dc4b98da05.js": "db78e6def486622c27196ba098f1e4376dbc1c5a",
    "/stencil-ion-refresher_2-ios-entry-js-es5.966dc198e0dc4b98da05.js": "7c8a934314cff8e388f8db597462f60c3225b314",
    "/stencil-ion-refresher_2-md-entry-js-es2015.64748b0b863b611bb474.js": "ce806362ea79af68238adfacd45ca774b9864405",
    "/stencil-ion-refresher_2-md-entry-js-es5.64748b0b863b611bb474.js": "2659d3f915a558ac87e2657da3aa712ffa00e8d5",
    "/stencil-ion-reorder_2-ios-entry-js-es2015.e154787efdc9bc33e3ed.js": "39052f2361bf0e71b891bfa93bef9cd061ef86e7",
    "/stencil-ion-reorder_2-ios-entry-js-es5.e154787efdc9bc33e3ed.js": "dccd3d3e03ba0e46440592d177a5c1a17a065a4d",
    "/stencil-ion-reorder_2-md-entry-js-es2015.f3fc375088d4ce396a34.js": "e94d11b7ccfea308935978f0603e3a3c98fd8db3",
    "/stencil-ion-reorder_2-md-entry-js-es5.f3fc375088d4ce396a34.js": "7bbf902beb258ff68aa8729f42e444fce3488b5e",
    "/stencil-ion-ripple-effect-entry-js-es2015.f69b1752a4681631db8f.js": "b40734afdf9984be081eb01c5e86ddc4ed75c45c",
    "/stencil-ion-ripple-effect-entry-js-es5.f69b1752a4681631db8f.js": "c5d42106ed15639d34afadd10442636dc65ee451",
    "/stencil-ion-route_4-entry-js-es2015.0682e401f7de6e93e3b5.js": "17da8e4d6f583ed5328b46b28f0ccf3ac1ee954f",
    "/stencil-ion-route_4-entry-js-es5.0682e401f7de6e93e3b5.js": "6ba89926721eddc0fbd3f95a78babbb3916ec91c",
    "/stencil-ion-searchbar-ios-entry-js-es2015.cbe26279d951faccd000.js": "f664f5f81756d91d93f390cee58536c2710bce3f",
    "/stencil-ion-searchbar-ios-entry-js-es5.cbe26279d951faccd000.js": "dce7d062d19a5b6a18063088d6f3b37269176aab",
    "/stencil-ion-searchbar-md-entry-js-es2015.d197887894747041adfb.js": "ed091051d570de5da19b4efa70b190bb43ade751",
    "/stencil-ion-searchbar-md-entry-js-es5.d197887894747041adfb.js": "15c5e7c631293579771848c6551770eecc9ed595",
    "/stencil-ion-segment_2-ios-entry-js-es2015.6a97e1d5dd41aa447437.js": "04ed7676c4b4b419f261381f00debd414c1cb45d",
    "/stencil-ion-segment_2-ios-entry-js-es5.6a97e1d5dd41aa447437.js": "7b90a2b17bdb9e990cb39bce8877080921ce663e",
    "/stencil-ion-segment_2-md-entry-js-es2015.a33988ca8f7a5a8aac6f.js": "9d88427896a5ff369426212a6d2ff057ab78409b",
    "/stencil-ion-segment_2-md-entry-js-es5.a33988ca8f7a5a8aac6f.js": "9d98d6b390ea8e0435e4e3d9c62c96032855e578",
    "/stencil-ion-select_3-ios-entry-js-es2015.ee274890713f5e72db30.js": "7d0d1655c43397cfcacc19b323c294c77deb5ce0",
    "/stencil-ion-select_3-ios-entry-js-es5.ee274890713f5e72db30.js": "766c1029f63a7c7732b0775bc10c9982091c36e6",
    "/stencil-ion-select_3-md-entry-js-es2015.fe6328bc2f58d7021184.js": "a0fa5a4eb3d7cf173d40822bb72cafc774fa9647",
    "/stencil-ion-select_3-md-entry-js-es5.fe6328bc2f58d7021184.js": "3b8587afbc32cb8a7a644c948283c8534ddaf075",
    "/stencil-ion-slide_2-ios-entry-js-es2015.2e3a7e8d057106139036.js": "d18afca0523c616d4f4d924956530802fdb1457b",
    "/stencil-ion-slide_2-ios-entry-js-es5.2e3a7e8d057106139036.js": "b9983c34722687df907346ebf608982b5938e01f",
    "/stencil-ion-slide_2-md-entry-js-es2015.90357f72bbb9e73f4ef5.js": "e38325f6433695e1f6f04ac245e0ceb51afc3749",
    "/stencil-ion-slide_2-md-entry-js-es5.90357f72bbb9e73f4ef5.js": "d8f17624d7c9d980e40ef8c45ef2d71bfb60b264",
    "/stencil-ion-spinner-entry-js-es2015.5c6b1a5cc770236ed896.js": "00f10c424f2d16c655d0600c5ee71d6ba6861a80",
    "/stencil-ion-spinner-entry-js-es5.5c6b1a5cc770236ed896.js": "2da715b27ee0f27a16b1644b4ae9e42044589edb",
    "/stencil-ion-split-pane-ios-entry-js-es2015.d1026fe90a3adb8c870e.js": "9938a16724ab053e76f2bb1aeddadb7717dcf811",
    "/stencil-ion-split-pane-ios-entry-js-es5.d1026fe90a3adb8c870e.js": "95baad9863f990840322a06025e29292142ce5a2",
    "/stencil-ion-split-pane-md-entry-js-es2015.2a84010c4fc80dd8cb8f.js": "491d5f643cec4c31b3f410c62287f45d69d67670",
    "/stencil-ion-split-pane-md-entry-js-es5.2a84010c4fc80dd8cb8f.js": "72aa465416f148c630204731ea0f19c6f76e124b",
    "/stencil-ion-tab-bar_2-ios-entry-js-es2015.772c9e22aef39856a6e1.js": "67d5fac795bed2c6d1ad7f3108e90113271f46b9",
    "/stencil-ion-tab-bar_2-ios-entry-js-es5.772c9e22aef39856a6e1.js": "5bf034ec2c6dbf74d4157c39d69679e15b271b32",
    "/stencil-ion-tab-bar_2-md-entry-js-es2015.44338fd552009511e12e.js": "f81f1ad5b1da11779326c215067c935242366c08",
    "/stencil-ion-tab-bar_2-md-entry-js-es5.44338fd552009511e12e.js": "3864e4e3e6b88c2ffa35cf30412794415680b29f",
    "/stencil-ion-tab_2-entry-js-es2015.c8f318bc7d594c7c891a.js": "077549380c240eeab277d9eb8caaa66429a832a2",
    "/stencil-ion-tab_2-entry-js-es5.c8f318bc7d594c7c891a.js": "be598faf8443bd2541902460a08455f82f23e6f6",
    "/stencil-ion-text-entry-js-es2015.82ba62f9e529d1ae0b6b.js": "25a80f5fced2a0c4a692b8c50b538700f196aa47",
    "/stencil-ion-text-entry-js-es5.82ba62f9e529d1ae0b6b.js": "dd380af83ad3491186ef67b7f854d0ffddcbf397",
    "/stencil-ion-textarea-ios-entry-js-es2015.7539052e31c35f6151bb.js": "7958c90192c1c2baf2eeed7405e140e6969d262b",
    "/stencil-ion-textarea-ios-entry-js-es5.7539052e31c35f6151bb.js": "d3f8d1c905bc24ea570f16f874198b8ea2b4f772",
    "/stencil-ion-textarea-md-entry-js-es2015.1e402eeee5e8dfbbf14e.js": "eca0bc75ae6508fdc7d1b99c4a3a3d3647c0bd20",
    "/stencil-ion-textarea-md-entry-js-es5.1e402eeee5e8dfbbf14e.js": "081797a44f2cbdcd9dda4624d582f1fb4e67b950",
    "/stencil-ion-toast-ios-entry-js-es2015.49d3f880ddf0dc42a1a6.js": "23d829b55c9bcb47ea0e25b38f2747c698b029cb",
    "/stencil-ion-toast-ios-entry-js-es5.49d3f880ddf0dc42a1a6.js": "c6a6d73c90a4aed200365880986a70467a4052b4",
    "/stencil-ion-toast-md-entry-js-es2015.ceec192d2dce8dd1e70a.js": "b2a327fb9fbe590523d76241caf78ab3340f6b49",
    "/stencil-ion-toast-md-entry-js-es5.ceec192d2dce8dd1e70a.js": "e5e689d38829591a92dc52f06d542a413861de46",
    "/stencil-ion-toggle-ios-entry-js-es2015.e45e3b8860eb84da62ec.js": "b7ae2a5bc2f3504a7f8702bfd7b71d42d34d18fb",
    "/stencil-ion-toggle-ios-entry-js-es5.e45e3b8860eb84da62ec.js": "1e3866a681c8b7959d0381e3ee1c30865a143372",
    "/stencil-ion-toggle-md-entry-js-es2015.a4f9b3eda6deb16308ce.js": "be7f51ca2d7374269b4077e31ea71481b9bc11c0",
    "/stencil-ion-toggle-md-entry-js-es5.a4f9b3eda6deb16308ce.js": "287fe1a1467a4befc495f72ad4c4f5df9fc3f9ed",
    "/stencil-ion-virtual-scroll-entry-js-es2015.90713403ba960ed72e43.js": "a166da93e095a313c656b48933e368acb732254f",
    "/stencil-ion-virtual-scroll-entry-js-es5.90713403ba960ed72e43.js": "c0e6033cc7d950548be6546d59893d3ca7220f94",
    "/stencil-polyfills-core-js-es2015.f3be14c63ac2a6d88791.js": "6a5da27d20d069b129327fec3b4e3d6927f6c1bc",
    "/stencil-polyfills-core-js-es5.f3be14c63ac2a6d88791.js": "ed557d016e7c7122faef8f8678529c09edfdbee0",
    "/stencil-polyfills-css-shim-es2015.9aac0ea786b55572a489.js": "33db1ad65da9eda945c1dbf2725f44fa10d811db",
    "/stencil-polyfills-css-shim-es5.9aac0ea786b55572a489.js": "1036aa6051dd044dcadb2a9a301441225874bebf",
    "/stencil-polyfills-dom-es2015.2184e7b352f5ce463d17.js": "4c893582c812114317722ba4ea3379b203dc8c08",
    "/stencil-polyfills-dom-es5.2184e7b352f5ce463d17.js": "4c893582c812114317722ba4ea3379b203dc8c08",
    "/styles.d4e77676af2e5d4954ea.css": "6d8ecf181776c30412449d6a5fe63fc65154e5c0"
  },
  "navigationUrls": [
    {
      "positive": true,
      "regex": "^\\/.*$"
    },
    {
      "positive": false,
      "regex": "^\\/(?:.+\\/)?[^/]*\\.[^/]*$"
    },
    {
      "positive": false,
      "regex": "^\\/(?:.+\\/)?[^/]*__[^/]*$"
    },
    {
      "positive": false,
      "regex": "^\\/(?:.+\\/)?[^/]*__[^/]*\\/.*$"
    }
  ]
}